股票代码,股票名称,交易所,来源指数,申万一级行业,申万二级行业,申万三级行业,2025年平均价,2025年分红(元/股),2025年分红次数,2025年股息率(%),2024年平均价,2024年分红(元/股),2024年分红次数,2024年股息率(%),2023年平均价,2023年分红(元/股),2023年分红次数,2023年股息率(%),近3年平均股价,3年平均股息率(%),2025Q1平均价,2025Q1分红(元/股),2025Q1股息率(%),2025Q2平均价,2025Q2分红(元/股),2025Q2股息率(%),2025Q3平均价,2025Q3分红(元/股),2025Q3股息率(%),2025Q4平均价,2025Q4分红(元/股),2025Q4股息率(%),2025年最高价,2025年最低价,2025年最高涨幅(%),2025年最低跌幅(%)
429,粤高速A,深市主板,中证红利,交通运输,铁路公路,高速公路,12.87,0.52,1,4.06,10.64,0.55,1,5.14,7.93,0.43,1,5.4,10.48,4.87,13.49,-,-,13.91,-,-,12.17,0.52,4.3,12.02,-,-,14.73,10.7,14.42,16.88
600295,鄂尔多斯,沪市主板,中证红利,钢铁,冶钢原料,冶钢辅料,9.86,0.6,1,6.09,10.1,0.8,1,7.92,12.19,1.0,1,8.2,10.72,7.4,9.34,-,-,9.02,0.6,6.65,9.88,-,-,11.17,-,-,12.5,8.49,26.78,13.89
600028,中国石化,沪市主板,中证红利,石油石化,炼化及贸易,炼油化工,5.78,0.23,2,3.95,6.35,0.35,2,5.45,5.75,0.34,2,5.91,5.96,5.1,5.99,-,-,5.72,0.14,2.45,5.69,0.09,1.55,5.73,-,-,6.58,5.29,13.88,8.44
596,古井贡酒,深市主板,红利增长,食品饮料,白酒Ⅱ,白酒Ⅲ,158.09,6.0,2,3.8,211.38,4.5,1,2.13,267.95,3.0,1,1.12,212.47,2.35,170.77,1.0,0.59,157.03,5.0,3.18,151.53,-,-,154.33,-,-,193.54,131.68,22.42,16.71
513,丽珠集团,深市主板,红利质量,医药生物,化学制药,化学制剂,36.98,1.1,1,2.97,37.45,1.35,1,3.6,35.64,1.6,1,4.49,36.69,3.69,35.54,-,-,35.67,1.1,3.08,40.11,-,-,36.22,-,-,43.9,33.8,18.71,8.6
601318,中国平安,沪市主板,"中证红利, 红利质量",非银金融,保险Ⅱ,保险Ⅲ,55.76,2.57,2,4.61,45.42,2.43,2,5.35,47.31,2.43,2,5.14,49.5,5.03,50.98,-,-,52.69,1.62,3.07,57.75,-,-,61.2,0.95,1.55,71.16,48.56,27.61,12.92
601857,中国石油,沪市主板,"中证红利, 红利增长",石油石化,炼化及贸易,炼油化工,8.67,0.47,2,5.42,8.99,0.45,2,5.01,6.98,0.43,2,6.16,8.21,5.53,8.19,-,-,8.29,0.25,3.02,8.65,0.22,2.54,9.51,-,-,10.41,7.34,20.12,15.3
600188,兖矿能源,沪市主板,中证红利,煤炭,煤炭开采,动力煤,13.31,0.72,2,5.41,19.42,1.72,2,8.86,26.42,3.07,1,11.62,19.72,8.63,13.4,-,-,12.64,0.54,4.27,13.01,0.18,1.38,14.23,-,-,15.73,12.07,18.16,9.33
600016,民生银行,沪市主板,中证红利,银行,股份制银行Ⅱ,股份制银行Ⅲ,4.3,0.2,2,4.61,3.84,0.35,2,9.01,3.74,0.21,1,5.73,3.96,6.45,4.1,-,-,4.27,-,-,4.76,0.2,4.16,4.0,-,-,5.55,3.8,29.19,11.55
895,双汇发展,深市主板,"中证红利, 中证红利质量",食品饮料,食品加工,肉制品,25.7,1.4,2,5.45,25.65,1.36,2,5.3,25.6,1.75,2,6.84,25.65,5.86,25.96,-,-,25.49,0.75,2.94,25.07,0.65,2.59,26.37,-,-,27.96,24.13,8.78,6.12
651,格力电器,深市主板,"中证红利, 红利质量",家用电器,白色家电,空调,43.7,3.0,2,6.87,40.5,2.38,1,5.88,35.49,2.0,2,5.64,39.89,6.13,43.82,-,-,45.44,1.0,2.2,44.86,2.0,4.46,40.55,-,-,48.15,39.5,10.19,9.6
600177,雅戈尔,沪市主板,中证红利,纺织服饰,服装家纺,非运动服装,7.67,0.46,4,6.0,7.43,0.7,3,9.43,6.72,0.5,1,7.44,7.27,7.62,8.16,0.1,1.22,7.55,0.2,2.65,7.42,0.08,1.08,7.58,0.08,1.06,8.66,7.22,12.96,5.82
600600,青岛啤酒,沪市主板,红利增长,食品饮料,非白酒,啤酒,69.86,2.2,1,3.15,73.21,2.0,1,2.73,97.12,1.3,1,1.34,80.06,2.41,72.16,-,-,74.75,2.2,2.94,68.22,-,-,64.58,-,-,81.67,61.2,16.91,12.39
568,泸州老窖,深市主板,红利增长,食品饮料,白酒Ⅱ,白酒Ⅲ,126.13,5.95,2,4.72,150.52,5.4,1,3.59,223.74,4.22,1,1.89,166.79,3.4,123.69,1.36,1.1,122.09,-,-,128.09,4.59,3.59,130.32,-,-,143.61,108.8,13.86,13.74
600690,海尔智家,沪市主板,红利增长,家用电器,白色家电,冰洗,26.17,1.23,2,4.72,27.05,0.8,1,2.96,23.42,0.57,1,2.42,25.54,3.37,27.2,-,-,25.17,-,-,25.78,0.97,3.74,26.61,0.27,1.01,29.47,23.58,12.63,9.88
600750,江中药业,沪市主板,红利质量,医药生物,中药Ⅱ,中药Ⅲ,22.39,1.2,2,5.36,22.89,1.2,2,5.24,19.62,1.25,2,6.37,21.63,5.66,22.22,-,-,22.89,0.7,3.06,21.99,-,-,22.49,0.5,2.22,24.85,20.88,10.98,6.75
600519,贵州茅台,沪市主板,"中证红利质量, 红利增长",食品饮料,白酒Ⅱ,白酒Ⅲ,1476.08,51.63,2,3.5,1569.6,54.76,2,3.49,1768.29,45.02,2,2.55,1604.66,3.18,1494.6,-,-,1525.69,27.67,1.81,1450.35,-,-,1437.15,23.96,1.67,1637.86,1377.18,10.96,6.7
423,东阿阿胶,深市主板,"中证红利质量, 红利质量",医药生物,中药Ⅱ,中药Ⅲ,53.42,2.54,2,4.76,58.43,2.93,2,5.02,48.79,1.18,1,2.41,53.55,4.06,59.2,-,-,56.81,1.27,2.24,50.14,1.27,2.53,48.15,-,-,63.3,46.8,18.49,12.39
543,皖能电力,深市主板,中证红利质量,公用事业,电力,火力发电,7.5,0.32,1,4.25,8.06,0.22,1,2.74,5.9,0.05,1,0.81,7.15,2.6,7.26,-,-,7.42,0.32,4.3,7.21,-,-,8.13,-,-,8.82,6.79,17.6,9.47
600153,建发股份,沪市主板,中证红利,交通运输,物流,原材料供应链服务,10.23,0.7,2,6.84,9.38,0.7,1,7.47,11.12,0.8,1,7.2,10.24,7.17,9.99,0.4,4.01,10.21,0.3,2.94,10.63,-,-,10.04,-,-,11.69,9.22,14.28,9.87
786,北新建材,深市主板,红利增长,建筑材料,装修建材,其他建材,27.19,0.86,1,3.18,28.79,0.83,1,2.9,26.64,0.66,1,2.46,27.54,2.85,29.92,-,-,28.48,0.86,3.04,26.08,-,-,24.51,-,-,32.49,23.42,19.51,13.85
600729,重庆百货,沪市主板,中证红利,商贸零售,一般零售,多业态零售,28.98,1.36,1,4.7,24.97,1.36,1,5.43,29.15,0.68,1,2.33,27.7,4.15,29.34,-,-,30.82,-,-,28.67,1.36,4.75,27.14,-,-,34.24,25.73,18.15,11.21
600323,瀚蓝环境,沪市主板,"红利增长, 红利质量",环保,环境治理,固废治理,25.52,1.05,2,4.11,19.74,0.48,1,2.43,18.3,0.22,1,1.2,21.18,2.58,22.19,-,-,24.18,-,-,26.32,0.8,3.04,29.13,0.25,0.86,30.8,20.32,20.7,20.37
157,中联重科,深市主板,中证红利,机械设备,工程机械,工程机械整机,7.64,0.3,1,3.93,7.39,0.32,1,4.33,6.45,0.32,1,4.96,7.16,4.4,7.5,-,-,7.29,-,-,7.5,0.3,4.0,8.27,-,-,8.67,6.61,13.48,13.49
729,燕京啤酒,深市主板,红利增长,食品饮料,非白酒,啤酒,12.35,0.29,2,2.35,9.59,0.1,1,1.04,11.41,0.08,1,0.7,11.12,1.36,11.6,-,-,13.11,-,-,12.56,0.19,1.51,12.09,0.1,0.83,14.36,10.75,16.23,12.99
600660,福耀玻璃,沪市主板,"中证红利质量, 红利质量",汽车,汽车零部件,车身附件及饰件,60.72,2.7,2,4.45,48.58,1.3,1,2.68,36.29,1.25,1,3.44,48.53,3.52,58.34,-,-,56.97,1.8,3.16,62.14,-,-,65.19,0.9,1.38,74.2,53.53,22.19,11.85
2555,三七互娱,深市主板,中证红利质量,传媒,游戏Ⅱ,游戏Ⅲ,17.73,1.0,4,5.64,15.9,1.0,4,6.29,25.29,0.9,2,3.56,19.64,5.16,15.43,-,-,15.18,0.58,3.82,18.95,0.21,1.11,21.13,0.21,0.99,23.6,13.5,33.1,23.86
600210,紫江企业,沪市主板,"中证红利质量, 红利增长",轻工制造,包装印刷,塑料包装,6.88,0.3,1,4.36,5.57,0.25,1,4.49,5.27,0.25,1,4.74,5.91,4.53,6.66,-,-,6.51,-,-,6.87,0.3,4.37,7.47,-,-,8.0,6.15,16.3,10.59
563,陕国投A,深市主板,红利增长,非银金融,多元金融,信托,3.54,0.08,3,2.26,3.17,0.11,3,3.47,3.17,0.03,1,0.94,3.3,2.22,3.52,-,-,3.4,0.05,1.47,3.67,-,-,3.55,0.03,0.84,3.9,3.17,10.26,10.38
600761,安徽合力,沪市主板,红利增长,机械设备,工程机械,工程机械整机,18.94,0.7,2,3.7,19.88,0.6,1,3.02,18.35,0.4,1,2.18,19.06,2.96,19.19,-,-,16.67,0.6,3.6,19.47,-,-,20.4,0.1,0.49,23.46,15.11,23.85,20.23
600273,嘉化能源,沪市主板,中证红利,基础化工,化学制品,其他化学制品,8.36,0.4,2,4.78,7.7,0.4,2,5.19,8.97,0.7,2,7.8,8.35,5.93,7.86,-,-,8.33,0.2,2.4,8.72,0.2,2.29,8.48,-,-,9.16,7.44,9.53,11.04
933,神火股份,深市主板,"中证红利, 红利质量",有色金属,工业金属,铝,19.73,0.5,1,2.53,18.72,1.1,2,5.87,16.0,1.0,1,6.25,18.15,4.89,18.41,-,-,16.85,0.5,2.97,18.6,-,-,25.11,-,-,27.47,16.14,39.23,18.19
983,山西焦煤,深市主板,中证红利,煤炭,煤炭开采,焦煤,6.94,0.26,2,3.69,9.55,0.8,1,8.37,10.1,1.2,1,11.88,8.87,7.98,7.24,-,-,6.48,-,-,7.08,0.22,3.11,6.97,0.04,0.52,8.01,6.02,15.39,13.28
600362,江西铜业,沪市主板,红利增长,有色金属,工业金属,铜,27.51,1.1,2,4.0,22.02,0.6,1,2.72,19.02,0.5,1,2.63,22.85,3.12,21.52,-,-,21.74,-,-,26.02,0.7,2.69,40.61,0.4,0.99,54.92,19.8,99.64,28.02
600015,华夏银行,沪市主板,"中证红利, 红利增长",银行,股份制银行Ⅱ,股份制银行Ⅲ,7.46,0.41,2,5.43,6.68,0.38,1,5.75,5.58,0.38,1,6.87,6.57,6.02,7.45,0.1,1.34,7.73,0.3,3.95,7.74,-,-,6.89,-,-,8.58,6.53,15.03,12.45
600377,宁沪高速,沪市主板,红利增长,交通运输,铁路公路,高速公路,14.33,0.49,1,3.42,12.65,0.47,1,3.72,9.41,0.46,1,4.89,12.13,4.01,14.68,-,-,15.67,-,-,14.03,0.49,3.49,13.0,-,-,16.36,12.0,14.16,16.26
90,天健集团,深市主板,中证红利,房地产,房地产开发,住宅开发,3.76,0.1,1,2.66,4.22,0.25,1,5.92,5.55,0.32,1,5.77,4.51,4.78,3.93,-,-,3.61,-,-,3.63,0.1,2.75,3.9,-,-,4.88,3.47,29.71,7.76
600012,皖通高速,沪市主板,"中证红利, 红利增长",交通运输,铁路公路,高速公路,16.06,0.6,1,3.76,14.13,0.6,1,4.25,9.92,0.55,1,5.54,13.37,4.52,16.42,-,-,17.56,-,-,15.41,0.6,3.92,14.93,-,-,18.47,12.89,15.02,19.73
858,五粮液,深市主板,红利增长,食品饮料,白酒Ⅱ,白酒Ⅲ,124.88,8.32,3,6.66,138.74,4.67,1,3.37,171.77,3.78,1,2.2,145.13,4.08,131.82,2.58,1.95,127.25,-,-,124.21,3.17,2.55,116.64,2.58,2.21,140.8,105.94,12.75,15.17
600585,海螺水泥,沪市主板,中证红利,建筑材料,水泥,水泥制造,23.56,0.95,2,4.03,23.75,0.96,1,4.04,26.19,1.48,1,5.65,24.5,4.58,23.97,-,-,23.6,0.71,3.01,23.67,0.24,1.01,22.99,-,-,27.17,21.43,15.35,9.02
2601,龙佰集团,深市主板,中证红利,基础化工,化学原料,钛白粉,17.73,0.6,2,3.38,18.41,0.9,2,4.89,18.47,0.9,2,4.87,18.2,4.38,17.87,-,-,16.56,0.5,3.02,17.86,-,-,18.61,0.1,0.54,20.31,15.98,14.58,9.85
600549,厦门钨业,沪市主板,红利增长,有色金属,小金属,钨,25.23,0.6,2,2.39,18.4,0.4,1,2.17,19.05,0.35,1,1.84,20.89,2.13,19.77,-,-,19.63,0.42,2.14,25.83,0.18,0.71,35.37,-,-,42.99,17.82,70.37,29.38
600741,华域汽车,沪市主板,中证红利,汽车,汽车零部件,车身附件及饰件,18.51,0.8,1,4.32,16.37,0.75,1,4.58,17.86,0.88,1,4.93,17.58,4.61,17.31,-,-,17.68,-,-,18.98,0.8,4.22,19.98,-,-,21.28,15.82,14.95,14.54
600036,招商银行,沪市主板,"中证红利, 红利增长",银行,股份制银行Ⅱ,股份制银行Ⅲ,42.92,2.0,1,4.66,34.02,1.97,1,5.8,33.43,1.74,1,5.2,36.79,5.22,41.75,-,-,43.69,-,-,43.86,2.0,4.56,42.21,-,-,48.24,38.51,12.4,10.27
400,许继电气,深市主板,红利增长,电力设备,电网设备,电网自动化设备,24.2,0.47,3,1.95,27.82,0.48,2,1.73,21.43,0.14,1,0.65,24.48,1.44,25.28,0.08,0.33,22.05,-,-,23.15,0.15,0.65,26.48,0.24,0.9,29.5,20.52,21.91,15.2
600436,片仔癀,沪市主板,红利增长,医药生物,中药Ⅱ,中药Ⅲ,197.19,3.22,2,1.63,223.32,3.47,2,1.55,280.1,1.25,1,0.45,233.54,1.21,204.84,-,-,204.33,-,-,202.02,3.22,1.59,177.47,-,-,214.25,167.53,8.65,15.04
600755,厦门国贸,沪市主板,中证红利,交通运输,物流,原材料供应链服务,6.39,0.33,2,5.17,6.99,0.5,1,7.15,7.88,0.65,1,8.25,7.08,6.86,6.41,0.16,2.5,6.24,0.17,2.73,6.25,-,-,6.68,-,-,8.72,5.83,36.53,8.72
600282,南钢股份,沪市主板,中证红利,钢铁,普钢,板材,4.71,0.2,2,4.33,4.52,0.35,2,7.74,3.64,0.25,1,6.87,4.29,6.31,4.57,-,-,4.26,0.08,1.99,4.69,0.12,2.53,5.3,-,-,5.66,4.08,20.24,13.33
600123,兰花科创,沪市主板,中证红利,煤炭,煤炭开采,焦煤,6.95,0.15,1,2.16,9.55,0.75,1,7.85,10.97,1.0,1,9.12,9.16,6.38,7.81,-,-,6.82,-,-,6.71,0.15,2.24,6.52,-,-,8.26,5.86,18.87,15.67
600285,羚锐制药,沪市主板,中证红利质量,医药生物,中药Ⅱ,中药Ⅲ,22.36,0.9,1,4.03,22.17,0.8,1,3.61,15.88,0.6,1,3.78,20.14,3.8,20.95,-,-,23.17,0.9,3.88,23.03,-,-,22.15,-,-,24.7,19.98,10.46,10.64
600406,国电南瑞,沪市主板,红利增长,电力设备,电网设备,电网自动化设备,22.76,0.58,2,2.56,24.29,0.68,2,2.78,24.51,0.39,1,1.59,23.85,2.31,23.07,-,-,22.67,0.43,1.92,22.1,0.15,0.67,23.26,-,-,25.35,21.3,11.39,6.41
600350,山东高速,沪市主板,中证红利,交通运输,铁路公路,高速公路,9.92,0.42,1,4.23,8.76,0.42,1,4.8,6.59,0.4,1,6.07,8.42,5.03,9.93,-,-,10.81,-,-,9.66,0.42,4.35,9.32,-,-,11.44,8.53,15.31,14.02
988,华工科技,深市主板,红利增长,机械设备,自动化设备,激光设备,56.04,0.2,1,0.36,32.1,0.15,1,0.47,29.72,0.1,1,0.34,39.29,0.39,42.53,-,-,41.87,0.2,0.48,60.94,-,-,77.63,-,-,99.15,33.83,76.93,39.63
600300,维维股份,沪市主板,中证红利质量,食品饮料,饮料乳品,软饮料,3.47,0.13,1,3.69,2.76,0.07,1,2.35,3.17,0.02,1,0.57,3.14,2.2,3.24,-,-,3.66,0.13,3.5,3.43,-,-,3.54,-,-,4.41,2.86,27.03,17.62
600064,南京高科,沪市主板,中证红利,房地产,房地产开发,住宅开发,7.79,0.3,1,3.85,6.52,0.28,1,4.3,6.58,0.42,1,6.39,6.96,4.84,7.27,-,-,7.42,-,-,7.87,0.3,3.81,8.56,-,-,9.22,6.65,18.37,14.62
600398,海澜之家,沪市主板,中证红利,纺织服饰,服装家纺,非运动服装,7.23,0.18,1,2.49,7.51,0.79,2,10.51,6.82,0.43,1,6.3,7.19,6.44,8.04,-,-,7.71,-,-,6.96,0.18,2.59,6.27,-,-,8.78,6.05,21.52,16.27
600993,马应龙,沪市主板,红利增长,医药生物,中药Ⅱ,中药Ⅲ,27.12,0.62,1,2.29,25.52,0.4,1,1.57,25.26,0.35,1,1.39,25.97,1.75,24.64,-,-,27.57,-,-,27.7,0.62,2.24,28.41,-,-,31.0,23.55,14.29,13.17
601328,交通银行,沪市主板,中证红利,银行,国有大型银行Ⅱ,国有大型银行Ⅲ,7.46,0.54,3,7.18,6.96,0.38,1,5.39,5.52,0.37,1,6.76,6.65,6.44,7.29,0.18,2.5,7.66,0.2,2.57,7.55,-,-,7.32,0.16,2.14,8.32,6.72,11.55,9.91
600284,浦东建设,沪市主板,红利增长,建筑装饰,基础建设,基建市政工程,7.26,0.18,2,2.48,5.9,0.38,2,6.47,6.73,0.21,1,3.12,6.63,4.02,6.17,-,-,6.71,0.1,1.49,7.88,-,-,8.16,0.08,0.98,10.3,5.67,41.89,21.89
999,华润三九,深市主板,红利增长,医药生物,中药Ⅱ,中药Ⅲ,35.26,0.77,2,2.18,49.57,2.5,2,5.04,52.31,1.0,1,1.91,45.71,3.05,42.84,-,-,39.76,0.32,0.8,30.5,-,-,28.81,0.45,1.56,45.53,27.97,29.11,20.68
600985,淮北矿业,沪市主板,中证红利,煤炭,煤炭开采,焦煤,12.66,0.75,1,5.93,16.49,1.0,1,6.06,13.51,1.05,1,7.77,14.22,6.59,13.54,-,-,12.21,0.75,6.14,12.4,-,-,12.54,-,-,14.15,11.11,11.8,12.22
2028,思源电气,深市主板,红利增长,电力设备,电网设备,输变电设备,93.08,0.5,1,0.54,66.35,0.4,1,0.6,47.2,0.3,1,0.64,68.88,0.59,74.36,-,-,73.05,-,-,85.46,0.5,0.58,139.28,-,-,161.0,69.31,72.97,25.54
600351,亚宝药业,沪市主板,中证红利质量,医药生物,中药Ⅱ,中药Ⅲ,6.47,0.3,1,4.64,6.07,0.15,1,2.47,7.2,0.05,1,0.69,6.58,2.6,6.08,-,-,6.08,0.3,4.93,6.95,-,-,6.71,-,-,8.01,5.66,23.77,12.54
807,云铝股份,深市主板,中证红利质量,有色金属,工业金属,铝,18.69,0.5,2,2.68,13.24,0.46,2,3.47,13.45,0.16,1,1.19,15.13,2.45,16.68,-,-,15.16,0.18,1.19,17.7,-,-,25.21,0.32,1.27,32.84,13.73,75.72,26.53
601899,紫金矿业,沪市主板,红利增长,有色金属,工业金属,铜,21.83,0.5,2,2.29,15.99,0.3,2,1.88,12.06,0.25,2,2.07,16.63,2.08,16.59,-,-,17.97,0.28,1.56,22.05,0.22,1.0,30.44,-,-,34.47,15.18,57.87,30.48
975,山金国际,深市主板,中证红利质量,有色金属,贵金属,黄金,19.84,0.36,1,1.84,16.95,0.28,1,1.65,13.17,0.28,1,2.13,16.65,1.87,17.18,-,-,20.01,0.36,1.82,19.55,-,-,22.51,-,-,25.45,16.0,28.29,19.35
601939,建设银行,沪市主板,中证红利,银行,国有大型银行Ⅱ,国有大型银行Ⅲ,9.07,0.59,3,6.49,7.45,0.4,1,5.37,6.15,0.39,1,6.33,7.56,6.06,8.53,0.2,2.31,9.11,0.21,2.26,9.29,-,-,9.31,0.19,2.0,9.87,8.17,8.79,9.94
601988,中国银行,沪市主板,中证红利,银行,国有大型银行Ⅱ,国有大型银行Ⅲ,5.56,0.35,3,6.33,4.67,0.24,1,5.06,3.73,0.23,1,6.23,4.65,5.87,5.41,0.12,2.23,5.57,0.12,2.18,5.55,-,-,5.7,0.11,1.92,6.29,5.18,13.09,6.86
600582,天地科技,沪市主板,红利增长,机械设备,专用设备,能源及重型设备,6.09,0.32,1,5.2,6.35,0.28,1,4.41,5.39,0.2,1,3.71,5.94,4.44,6.09,-,-,6.12,0.32,5.18,6.16,-,-,5.99,-,-,6.69,5.68,9.82,6.76
2043,兔宝宝,深市主板,中证红利,建筑材料,装修建材,其他建材,11.2,0.6,2,5.36,10.53,0.83,2,7.88,11.09,0.5,1,4.51,10.94,5.92,10.92,-,-,10.32,0.32,3.1,10.36,0.28,2.7,13.25,-,-,14.5,9.6,29.51,14.26
600997,开滦股份,沪市主板,中证红利,煤炭,煤炭开采,焦煤,6.37,0.26,1,4.08,7.21,0.34,1,4.76,6.77,0.58,1,8.57,6.78,5.81,6.59,-,-,6.08,0.26,4.28,6.38,-,-,6.43,-,-,7.48,5.68,17.46,10.81
600461,洪城环境,沪市主板,中证红利,环保,环境治理,水务及水治理,9.38,0.46,1,4.95,10.17,0.44,1,4.34,8.03,0.43,1,5.4,9.19,4.89,9.21,-,-,9.66,-,-,9.24,0.46,5.02,9.42,-,-,10.25,8.78,9.27,6.4
600373,中文传媒,沪市主板,中证红利,传媒,出版,大众出版,10.7,0.4,1,3.74,14.25,0.78,1,5.47,12.8,0.75,1,5.86,12.59,5.02,11.65,-,-,10.67,0.4,3.75,10.2,-,-,10.4,-,-,12.72,9.2,18.82,14.06
601006,大秦铁路,沪市主板,中证红利,交通运输,铁路公路,铁路运输,6.3,0.22,2,3.49,7.01,0.51,2,7.3,7.22,0.48,1,6.65,6.84,5.81,6.55,-,-,6.68,-,-,6.37,0.14,2.2,5.61,0.08,1.42,6.86,5.16,8.83,18.14
2117,东港股份,深市主板,中证红利质量,轻工制造,包装印刷,印刷,12.32,0.21,1,1.71,7.73,0.31,2,4.01,9.36,0.22,1,2.35,9.8,2.69,13.54,-,-,11.4,0.21,1.84,12.11,-,-,12.29,-,-,14.92,10.42,21.15,15.39
600502,安徽建工,沪市主板,中证红利,建筑装饰,基础建设,基建市政工程,4.7,0.27,2,5.74,4.67,0.26,1,5.57,5.32,0.25,1,4.7,4.9,5.34,4.53,-,-,4.72,0.27,5.72,4.79,-,-,4.75,-,-,5.18,4.36,10.18,7.26
2233,塔牌集团,深市主板,"中证红利, 中证红利质量",建筑材料,水泥,水泥制造,8.21,0.45,1,5.48,7.3,0.5,1,6.85,7.81,0.12,1,1.54,7.77,4.62,7.63,-,-,7.68,0.45,5.86,8.55,-,-,8.94,-,-,9.69,7.19,17.98,12.46
2154,报喜鸟,深市主板,中证红利,纺织服饰,服装家纺,非运动服装,4.01,0.05,1,1.25,5.06,0.32,2,6.33,5.66,0.2,1,3.53,4.91,3.7,4.23,-,-,3.85,0.05,1.3,3.92,-,-,4.04,-,-,4.72,3.7,17.8,7.65
601398,工商银行,沪市主板,中证红利,银行,国有大型银行Ⅱ,国有大型银行Ⅲ,7.37,0.45,3,6.1,5.72,0.31,1,5.35,4.67,0.3,1,6.51,5.92,5.99,6.79,0.14,2.11,7.13,-,-,7.58,0.16,2.17,7.93,0.14,1.78,8.31,6.44,12.75,12.63
601601,中国太保,沪市主板,"中证红利质量, 红利质量",非银金融,保险Ⅱ,保险Ⅲ,35.12,1.08,1,3.07,29.14,1.02,1,3.5,27.52,1.02,1,3.71,30.59,3.43,31.85,-,-,33.24,-,-,37.7,1.08,2.86,37.29,-,-,42.64,29.09,21.4,17.18
2540,亚太科技,深市主板,中证红利,有色金属,工业金属,铝,6.27,0.3,2,4.78,5.67,0.48,2,8.56,5.93,0.41,2,6.91,5.96,6.75,6.04,-,-,5.92,0.2,3.38,6.24,0.1,1.6,6.87,-,-,7.43,5.55,18.49,11.49
600096,云天化,沪市主板,"中证红利, 中证红利质量, 红利质量",基础化工,农化制品,磷肥及磷化工,25.11,1.6,2,6.37,20.15,1.0,1,4.96,18.53,1.0,1,5.4,21.26,5.58,21.91,-,-,22.45,1.4,6.24,25.22,0.2,0.79,30.68,-,-,35.87,20.65,42.87,17.75
601169,北京银行,沪市主板,中证红利,银行,城商行Ⅱ,城商行Ⅲ,6.08,0.32,2,5.27,5.52,0.32,1,5.8,4.53,0.31,1,6.84,5.37,5.97,5.94,0.12,2.02,6.34,-,-,6.35,0.2,3.15,5.65,-,-,7.25,5.46,19.31,10.15
600737,中粮糖业,沪市主板,中证红利,农林牧渔,农产品加工,其他农产品加工,12.28,0.41,1,3.34,9.43,0.83,2,8.8,8.08,0.5,2,6.19,9.93,6.11,9.54,-,-,9.41,-,-,13.26,0.41,3.09,16.67,-,-,19.39,9.2,57.93,25.07
2078,太阳纸业,深市主板,红利增长,轻工制造,造纸,大宗用纸,14.36,0.4,2,2.79,13.89,0.3,1,2.16,11.65,0.2,1,1.72,13.3,2.22,14.17,-,-,14.0,-,-,14.42,0.3,2.08,14.83,0.1,0.67,15.94,13.16,11.01,8.35
600348,华阳股份,沪市主板,中证红利,煤炭,煤炭开采,焦煤,7.13,0.31,1,4.33,8.8,0.72,1,8.16,10.95,0.88,1,8.01,8.96,6.83,6.73,-,-,6.66,-,-,7.15,0.31,4.32,7.97,-,-,8.92,6.2,25.06,13.07
601088,中国神华,沪市主板,"中证红利, 中证红利质量",煤炭,煤炭开采,动力煤,39.27,3.24,2,8.25,40.16,2.26,1,5.63,29.36,2.55,1,8.68,36.26,7.52,37.83,-,-,39.2,-,-,38.38,2.26,5.89,41.53,0.98,2.36,43.99,35.35,12.03,9.97
2267,陕天然气,深市主板,中证红利,公用事业,燃气Ⅱ,燃气Ⅲ,8.06,0.35,1,4.34,7.36,0.4,2,5.44,7.46,0.3,1,4.02,7.63,4.6,7.77,-,-,8.3,0.35,4.21,8.11,-,-,8.05,-,-,9.32,7.42,15.61,7.96
600873,梅花生物,沪市主板,"中证红利质量, 红利质量",基础化工,化学制品,食品及饲料添加剂,10.55,0.43,1,4.04,10.28,0.6,2,5.8,9.46,0.4,1,4.23,10.1,4.69,9.78,-,-,10.8,0.43,3.94,10.97,-,-,10.58,-,-,11.65,9.14,10.39,13.39
601009,南京银行,沪市主板,中证红利,银行,城商行Ⅱ,城商行Ⅲ,11.07,0.51,2,4.57,9.67,0.88,2,9.13,8.63,0.53,1,6.19,9.79,6.63,10.36,-,-,10.94,0.2,1.82,11.44,-,-,11.45,0.31,2.67,12.15,10.0,9.79,9.64
2096,易普力,深市主板,红利增长,基础化工,化学制品,民爆制品,12.69,0.23,1,1.81,11.79,0.2,1,1.74,11.65,0.03,1,0.26,12.04,1.27,11.25,-,-,12.07,-,-,13.78,0.23,1.67,13.46,-,-,17.06,10.13,34.47,20.15
601166,兴业银行,沪市主板,中证红利,银行,股份制银行Ⅱ,股份制银行Ⅲ,21.64,1.06,1,4.9,17.09,1.04,1,6.08,16.28,1.19,1,7.3,18.34,6.09,20.65,-,-,22.34,1.06,4.74,22.6,-,-,20.82,-,-,25.14,18.92,16.19,12.56
2046,国机精工,深市主板,红利增长,机械设备,通用设备,磨具磨料,22.55,0.21,1,0.93,10.89,0.2,1,1.84,11.7,0.18,1,1.51,15.05,1.43,14.9,-,-,15.6,0.21,1.35,26.62,-,-,32.27,-,-,44.91,12.09,99.19,46.38
2353,杰瑞股份,深市主板,红利增长,机械设备,专用设备,能源及重型设备,43.43,0.84,2,1.93,31.95,0.61,2,1.91,28.25,0.33,1,1.17,34.54,1.67,36.79,-,-,33.36,0.69,2.07,43.99,0.15,0.34,59.19,-,-,75.87,28.33,74.69,34.77
601928,凤凰传媒,沪市主板,中证红利,传媒,出版,教育出版,10.94,0.6,2,5.49,10.68,0.5,1,4.68,10.5,0.5,1,4.76,10.71,4.98,10.82,-,-,11.64,-,-,11.02,0.5,4.54,10.25,0.1,0.98,12.04,9.95,10.1,9.02
2056,横店东磁,深市主板,红利质量,电力设备,光伏设备,光伏电池组件,16.12,0.83,2,5.16,13.39,0.39,1,2.9,17.73,0.36,1,2.04,15.74,3.37,13.64,-,-,13.51,0.45,3.35,16.91,0.38,2.25,20.2,-,-,22.54,12.42,39.87,22.93
2179,中航光电,深市主板,红利增长,国防军工,军工电子Ⅱ,军工电子Ⅲ,38.67,0.8,1,2.07,37.28,0.6,1,1.61,46.86,0.55,1,1.17,40.93,1.62,38.92,-,-,40.28,0.8,1.99,39.83,-,-,35.53,-,-,43.35,32.27,12.12,16.54
601998,中信银行,沪市主板,中证红利,银行,股份制银行Ⅱ,股份制银行Ⅲ,7.62,0.36,2,4.72,6.52,0.51,2,7.8,5.67,0.33,1,5.8,6.61,6.11,6.82,-,-,7.75,-,-,8.11,0.17,2.12,7.74,0.19,2.43,8.98,6.42,17.78,15.8
600562,国睿科技,沪市主板,红利增长,国防军工,军工电子Ⅱ,军工电子Ⅲ,25.62,0.25,2,0.99,14.67,0.14,1,0.99,15.69,0.13,1,0.85,18.66,0.94,19.66,-,-,24.56,-,-,29.54,0.16,0.53,28.03,0.1,0.35,35.02,17.54,36.69,31.54
2158,汉钟精机,深市主板,红利增长,机械设备,通用设备,制冷空调设备,20.72,0.58,1,2.8,18.84,0.58,1,3.08,24.27,0.44,1,1.81,21.28,2.56,19.23,-,-,17.67,0.58,3.28,21.59,-,-,24.21,-,-,28.74,16.44,38.74,20.64
601168,西部矿业,沪市主板,中证红利,有色金属,工业金属,铜,18.83,1.0,1,5.31,17.21,0.5,1,2.91,12.09,1.4,1,11.58,16.04,6.6,17.18,-,-,15.82,1.0,6.32,18.13,-,-,24.19,-,-,27.64,14.44,46.75,23.33
601008,连云港,沪市主板,红利增长,交通运输,航运港口,港口,5.45,0.06,1,1.1,3.73,0.05,1,1.34,4.49,0.05,1,1.11,4.56,1.18,3.74,-,-,6.35,0.06,0.95,6.06,-,-,5.51,-,-,8.2,3.59,50.41,34.15
2409,雅克科技,深市主板,红利增长,电子,半导体,半导体材料,61.9,0.58,2,0.94,57.03,0.68,2,1.19,62.09,0.32,1,0.52,60.34,0.88,60.41,-,-,54.16,0.26,0.48,58.71,0.32,0.55,74.55,-,-,84.94,51.5,37.23,16.8
601699,潞安环能,沪市主板,中证红利,煤炭,煤炭开采,焦煤,12.72,0.41,1,3.22,18.85,1.59,1,8.43,19.21,2.85,1,14.84,16.92,8.83,12.7,-,-,11.12,0.41,3.69,13.12,-,-,13.88,-,-,16.46,10.39,29.45,18.29
2415,海康威视,深市主板,红利质量,计算机,计算机设备,安防设备,29.88,1.1,2,3.68,30.9,0.9,1,2.91,36.03,0.7,1,1.94,32.27,2.85,30.7,-,-,28.34,0.7,2.47,29.47,-,-,31.11,0.4,1.29,34.17,27.26,14.34,8.78
600971,恒源煤电,沪市主板,中证红利,煤炭,煤炭开采,动力煤,7.33,0.47,2,6.41,11.03,0.85,1,7.71,8.99,1.0,1,11.12,9.12,8.41,8.64,0.2,2.32,7.06,0.27,3.82,6.87,-,-,6.87,-,-,9.16,6.24,24.9,14.92
2262,恩华药业,深市主板,红利增长,医药生物,化学制药,化学制剂,23.42,0.36,1,1.54,24.81,0.32,1,1.29,26.45,0.2,1,0.76,24.89,1.19,22.26,-,-,22.1,0.36,1.63,24.28,-,-,24.9,-,-,28.92,20.78,23.48,11.27
2017,东信和平,深市主板,红利增长,通信,通信设备,通信终端及配件,17.71,0.16,1,0.93,9.23,0.15,1,1.62,13.01,0.1,1,0.77,13.32,1.11,10.53,-,-,11.26,0.16,1.46,25.25,-,-,22.7,-,-,34.87,8.69,96.85,50.94
601000,唐山港,沪市主板,"中证红利, 中证红利质量",交通运输,航运港口,港口,4.1,0.2,1,4.88,4.53,0.2,1,4.42,3.45,0.2,1,5.8,4.02,5.03,4.29,-,-,4.19,0.2,4.78,4.0,-,-,3.94,-,-,4.77,3.8,16.35,7.31
2532,天山铝业,深市主板,中证红利质量,有色金属,工业金属,铝,9.97,0.4,2,4.01,7.25,0.35,2,4.83,6.97,0.2,1,2.87,8.06,3.9,8.8,-,-,7.82,0.2,2.56,9.84,-,-,13.4,0.2,1.49,16.2,6.87,62.41,31.13
601668,中国建筑,沪市主板,中证红利,建筑装饰,房屋建设Ⅱ,房屋建设Ⅲ,5.55,0.27,1,4.89,5.51,0.27,1,4.92,5.67,0.25,1,4.46,5.58,4.76,5.51,-,-,5.6,-,-,5.69,0.27,4.77,5.37,-,-,6.13,5.08,10.49,8.44
601288,农业银行,沪市主板,中证红利,银行,国有大型银行Ⅱ,国有大型银行Ⅲ,6.32,0.36,3,5.72,4.49,0.23,1,5.15,3.4,0.22,1,6.53,4.73,5.8,5.12,0.12,2.27,5.53,-,-,6.67,0.13,1.88,7.86,0.12,1.52,8.59,4.93,35.98,21.96
601958,金钼股份,沪市主板,中证红利质量,有色金属,小金属,钼,12.3,0.4,1,3.25,10.6,0.4,1,3.77,11.22,0.3,1,2.67,11.37,3.23,10.45,-,-,10.31,-,-,13.59,0.4,2.94,14.63,-,-,17.47,9.33,42.01,24.16
601098,中南传媒,沪市主板,中证红利,传媒,出版,教育出版,13.02,0.55,2,4.23,12.59,0.65,2,5.16,11.56,0.6,1,5.19,12.39,4.86,13.29,-,-,14.11,0.45,3.19,12.98,-,-,11.7,0.1,0.85,15.14,11.0,16.32,15.49
2318,久立特材,深市主板,红利增长,钢铁,特钢Ⅱ,特钢Ⅲ,24.04,0.97,1,4.04,22.22,0.48,1,2.16,17.47,0.43,1,2.46,21.24,2.89,23.5,-,-,24.05,0.97,4.03,22.91,-,-,25.77,-,-,28.95,21.79,20.44,9.35
600039,四川路桥,沪市主板,中证红利,建筑装饰,基础建设,基建市政工程,8.65,0.41,2,4.73,7.34,0.55,2,7.55,10.76,0.91,1,8.46,8.92,6.91,7.37,-,-,9.15,-,-,8.65,0.38,4.36,9.37,0.03,0.34,10.25,6.84,18.48,20.94
601818,光大银行,沪市主板,中证红利,银行,股份制银行Ⅱ,股份制银行Ⅲ,3.8,0.19,2,4.98,3.28,0.17,1,5.28,3.06,0.19,1,6.22,3.38,5.49,3.78,0.1,2.75,3.93,-,-,3.95,0.08,2.15,3.51,-,-,4.44,3.34,16.95,12.03
915,华特达因,深市主板,中证红利质量,医药生物,化学制药,化学制剂,31.25,2.5,2,8.0,29.93,2.5,2,8.35,35.86,0.8,1,2.23,32.34,6.19,27.29,-,-,30.45,2.0,6.57,33.32,-,-,33.54,0.5,1.49,35.6,25.38,13.92,18.78
600256,广汇能源,沪市主板,中证红利,石油石化,炼化及贸易,油品石化贸易,5.65,0.62,1,11.0,7.15,0.7,1,9.79,8.18,0.8,1,9.78,7.0,10.19,6.2,-,-,5.86,-,-,5.44,0.62,11.44,5.17,-,-,6.5,4.92,14.97,12.98
600757,长江传媒,沪市主板,中证红利,传媒,出版,教育出版,9.06,0.41,1,4.53,8.14,0.4,1,4.91,7.79,0.32,1,4.11,8.33,4.52,8.65,-,-,9.4,0.41,4.36,9.27,-,-,8.87,-,-,9.98,8.2,10.18,9.47
404,长虹华意,深市主板,红利增长,家用电器,家电零部件Ⅱ,家电零部件Ⅲ,7.16,0.3,1,4.19,6.47,0.25,1,3.86,6.22,0.2,1,3.21,6.62,3.76,7.35,-,-,6.99,-,-,7.31,0.3,4.1,6.99,-,-,7.98,6.14,11.43,14.26
2563,森马服饰,深市主板,中证红利,纺织服饰,服装家纺,非运动服装,5.88,0.5,2,8.51,5.84,0.3,1,5.14,6.05,0.2,1,3.31,5.92,5.65,6.46,-,-,5.96,0.35,5.88,5.48,-,-,5.67,0.15,2.65,7.38,5.02,25.61,14.56
601717,中创智领,沪市主板,"中证红利, 中证红利质量, 红利增长",机械设备,专用设备,能源及重型设备,18.29,1.12,1,6.13,13.8,0.84,1,6.09,12.75,0.56,1,4.39,14.94,5.53,13.7,-,-,15.82,-,-,19.43,1.12,5.77,23.85,-,-,27.69,12.45,51.43,31.91
601666,平煤股份,沪市主板,中证红利,煤炭,煤炭开采,焦煤,8.31,0.6,1,7.22,11.32,0.99,1,8.75,9.88,0.87,1,8.8,9.84,8.26,8.92,-,-,8.17,0.6,7.34,7.99,-,-,8.22,-,-,9.64,7.29,16.0,12.28
601101,昊华能源,沪市主板,中证红利,煤炭,煤炭开采,动力煤,7.44,0.46,1,6.15,8.37,0.35,1,4.18,6.18,0.34,1,5.5,7.33,5.28,7.56,-,-,7.18,-,-,7.43,0.46,6.17,7.61,-,-,8.27,6.64,11.09,10.8
600546,山煤国际,沪市主板,中证红利,煤炭,煤炭开采,动力煤,10.23,0.69,1,6.74,14.57,0.65,1,4.46,16.15,1.8,1,11.15,13.65,7.45,10.97,-,-,9.53,0.69,7.24,9.77,-,-,10.75,-,-,11.78,8.56,15.13,16.34
601336,新华保险,沪市主板,红利质量,非银金融,保险Ⅱ,保险Ⅲ,58.11,2.66,2,4.58,36.03,1.39,2,3.86,35.37,1.08,1,3.05,43.17,3.83,48.7,-,-,51.72,-,-,63.24,1.99,3.15,67.78,0.67,0.99,72.71,44.85,25.13,22.81
2572,索菲亚,深市主板,中证红利,轻工制造,家居用品,定制家居,14.64,1.0,1,6.83,16.22,1.0,1,6.16,18.52,0.7,1,3.78,16.46,5.59,16.46,-,-,15.08,1.0,6.63,13.76,-,-,13.45,-,-,18.3,12.51,24.98,14.56
672,上峰水泥,深市主板,中证红利,建筑材料,水泥,水泥制造,8.92,0.63,1,7.07,7.23,0.4,1,5.53,10.23,0.35,1,3.42,8.79,5.34,7.39,-,-,8.21,0.63,7.67,8.95,-,-,11.03,-,-,12.99,6.99,45.69,21.6
601225,陕西煤业,沪市主板,中证红利,煤炭,煤炭开采,动力煤,20.9,1.28,3,6.11,24.74,1.42,2,5.76,18.61,2.18,1,11.71,21.42,7.86,20.64,0.1,0.5,19.99,1.14,5.68,20.45,0.04,0.19,22.55,-,-,24.68,18.72,18.09,10.43
601216,君正集团,沪市主板,中证红利,基础化工,化学原料,氯碱,5.36,0.15,1,2.8,4.12,0.32,1,7.76,4.22,0.18,1,4.27,4.57,4.94,5.6,-,-,5.38,0.15,2.79,5.44,-,-,5.03,-,-,6.42,4.67,19.75,12.89
2371,北方华创,深市主板,红利增长,电子,半导体,半导体设备,410.64,1.06,1,0.26,325.18,0.78,1,0.24,266.71,0.45,1,0.17,334.18,0.22,418.37,-,-,436.83,-,-,362.81,1.06,0.29,429.73,-,-,481.42,318.6,17.24,22.41
600057,厦门象屿,沪市主板,中证红利,交通运输,物流,原材料供应链服务,7.06,0.35,2,4.95,6.34,0.3,1,4.73,8.75,0.61,1,6.97,7.39,5.55,6.01,-,-,6.63,0.25,3.77,7.23,-,-,8.32,0.1,1.2,9.11,5.59,28.95,20.88
2690,美亚光电,深市主板,中证红利质量,机械设备,专用设备,其他专用设备,17.8,0.7,1,3.93,16.36,0.7,1,4.28,24.26,0.7,1,2.89,19.47,3.7,15.16,-,-,17.12,0.7,4.09,18.38,-,-,20.34,-,-,21.99,13.66,23.54,23.26
603444,吉比特,沪市主板,红利质量,传媒,游戏Ⅱ,游戏Ⅲ,339.06,16.1,3,4.75,197.81,6.5,2,3.29,396.48,10.0,2,2.52,311.12,3.52,220.94,-,-,245.93,3.5,1.42,420.67,6.6,1.57,454.63,6.0,1.32,662.01,202.0,95.25,40.42
603040,新坐标,沪市主板,"中证红利质量, 红利质量",汽车,汽车零部件,底盘与发动机系统,50.01,1.25,4,2.5,21.1,0.6,2,2.84,22.76,0.5,2,2.2,31.29,2.51,27.6,0.1,0.36,35.48,0.6,1.69,57.4,0.3,0.52,77.69,0.25,0.32,91.99,21.47,83.96,57.07
601001,晋控煤业,沪市主板,中证红利,煤炭,煤炭开采,动力煤,13.15,0.76,1,5.74,15.19,0.79,1,5.2,11.11,0.63,1,5.67,13.15,5.54,12.43,-,-,11.77,-,-,13.52,0.76,5.59,14.81,-,-,16.56,10.89,25.94,17.18
2756,永兴材料,深市主板,中证红利,有色金属,能源金属,锂,37.24,0.8,2,2.15,42.29,2.5,2,5.91,66.41,6.0,2,9.03,48.65,5.7,36.47,-,-,30.95,0.5,1.62,35.12,-,-,46.58,0.3,0.64,56.28,29.67,51.15,20.32
603508,思维列控,沪市主板,中证红利质量,计算机,计算机设备,安防设备,27.72,3.29,2,11.86,19.69,1.01,2,5.11,16.74,0.55,1,3.26,21.39,6.74,23.68,-,-,25.7,1.19,4.62,31.69,2.1,6.63,29.3,-,-,37.16,21.02,34.04,24.18
333,美的集团,深市主板,中证红利质量,家用电器,白色家电,空调,74.56,4.0,2,5.36,66.18,3.0,1,4.53,54.63,2.5,1,4.58,65.13,4.82,73.49,-,-,74.1,3.5,4.72,73.2,-,-,77.53,0.5,0.64,82.23,67.18,10.29,9.9
2867,周大生,深市主板,"中证红利, 中证红利质量",纺织服饰,饰品,钟表珠宝,13.27,0.9,2,6.78,14.51,0.95,2,6.55,16.17,0.9,2,5.57,14.65,6.3,13.0,-,-,13.7,0.65,4.74,13.42,-,-,12.95,0.25,1.93,16.34,11.91,23.1,10.28
601900,南方传媒,沪市主板,红利质量,传媒,出版,教育出版,14.84,0.55,1,3.71,13.5,0.54,1,4.0,15.41,0.47,1,3.05,14.58,3.59,15.16,-,-,16.17,-,-,14.26,0.55,3.86,13.85,-,-,17.61,12.62,18.66,14.96
2737,葵花药业,深市主板,中证红利,医药生物,中药Ⅱ,中药Ⅲ,16.37,0.5,1,3.06,23.93,1.5,1,6.27,24.43,1.0,1,4.09,21.58,4.47,18.49,-,-,16.21,-,-,15.93,0.5,3.14,14.98,-,-,21.39,14.43,30.7,11.83
2416,爱施德,深市主板,中证红利,商贸零售,专业连锁Ⅱ,专业连锁Ⅲ,12.38,0.5,1,4.04,10.96,0.4,1,3.65,8.36,0.5,1,5.98,10.57,4.56,13.53,-,-,11.62,0.5,4.3,12.25,-,-,12.21,-,-,17.1,10.87,38.09,12.22
601598,中国外运,沪市主板,中证红利,交通运输,物流,跨境物流,5.53,0.29,2,5.24,5.43,0.29,2,5.34,4.61,0.24,2,5.32,5.19,5.3,5.14,-,-,4.92,-,-,5.74,0.14,2.53,6.3,0.14,2.3,7.8,4.64,40.93,16.17
603611,诺力股份,沪市主板,红利质量,机械设备,工程机械,工程机械整机,21.67,0.9,1,4.14,17.86,0.62,1,3.48,21.04,0.55,1,2.61,20.19,3.41,18.61,-,-,19.15,0.9,4.68,24.66,-,-,23.82,-,-,28.94,15.23,33.54,29.72
603929,亚翔集成,沪市主板,红利质量,建筑装饰,专业工程,其他专业工程,40.61,2.0,2,4.93,23.8,1.0,1,4.2,17.85,0.25,1,1.4,27.42,3.51,31.61,-,-,29.58,1.0,3.38,38.6,1.0,2.59,62.4,-,-,108.31,25.43,166.71,37.38
600919,江苏银行,沪市主板,中证红利,银行,城商行Ⅱ,城商行Ⅲ,10.54,0.52,2,4.94,8.04,0.47,1,5.84,7.15,0.49,1,6.86,8.58,5.88,9.47,0.31,3.23,10.68,-,-,11.2,0.21,1.91,10.69,-,-,12.54,8.97,18.98,14.89
601919,中远海控,沪市主板,中证红利,交通运输,航运港口,航运,15.0,1.59,2,10.6,12.88,0.75,2,5.82,10.3,1.9,2,18.44,12.73,11.62,14.28,-,-,15.29,1.03,6.74,15.35,-,-,15.02,0.56,3.73,16.71,12.74,11.38,15.08
603367,辰欣药业,沪市主板,红利质量,医药生物,化学制药,化学制剂,17.89,0.41,2,2.28,14.25,0.66,2,4.6,14.49,0.34,1,2.31,15.54,3.07,13.43,-,-,13.97,0.22,1.58,23.63,-,-,19.72,0.19,0.95,34.05,12.9,90.38,27.87
601229,上海银行,沪市主板,中证红利,银行,城商行Ⅱ,城商行Ⅲ,9.94,0.52,2,5.23,7.35,0.74,2,10.07,6.06,0.4,1,6.6,7.78,7.3,9.21,-,-,10.59,0.22,2.08,10.07,-,-,9.83,0.3,3.05,11.43,8.73,15.0,12.17
601997,贵阳银行,沪市主板,中证红利,银行,城商行Ⅱ,城商行Ⅲ,6.04,0.29,1,4.8,5.54,0.29,1,5.24,5.46,0.3,1,5.5,5.68,5.18,5.83,-,-,5.97,0.29,4.86,6.32,-,-,6.01,-,-,7.02,5.59,16.22,7.46
603203,快克智能,沪市主板,中证红利质量,机械设备,自动化设备,工控设备,27.02,0.65,1,2.41,22.06,0.6,1,2.72,29.53,1.0,1,3.39,26.2,2.84,24.2,-,-,23.34,0.65,2.78,28.73,-,-,31.5,-,-,38.42,20.5,42.19,24.13
603871,嘉友国际,沪市主板,中证红利质量,交通运输,物流,跨境物流,13.95,0.6,2,4.3,21.13,0.8,2,3.79,20.46,0.5,1,2.44,18.51,3.51,16.86,-,-,13.77,0.4,2.91,11.87,-,-,13.66,0.2,1.46,19.36,9.83,38.77,29.54
603233,大参林,沪市主板,红利质量,医药生物,医药商业,线下药店,16.8,0.65,2,3.87,17.99,0.62,2,3.45,30.7,0.6,1,1.95,21.83,3.09,14.74,-,-,17.18,0.31,1.8,17.18,-,-,17.94,0.34,1.89,19.41,13.57,15.57,19.21
603816,顾家家居,沪市主板,"中证红利质量, 红利质量",轻工制造,家居用品,成品家居,27.7,1.38,1,4.98,31.48,1.39,1,4.42,40.21,1.11,1,2.76,33.13,4.05,27.84,-,-,24.75,-,-,27.64,1.38,4.99,30.57,-,-,32.38,22.58,16.92,18.47
603259,药明康德,沪市主板,"中证红利质量, 红利质量",医药生物,医疗服务,医疗研发外包,78.19,1.33,2,1.7,48.78,0.99,1,2.03,78.28,0.89,1,1.14,68.42,1.62,60.05,-,-,61.11,0.98,1.61,93.98,0.35,0.37,95.12,-,-,112.85,51.25,44.34,34.45
1206,依依股份,深市主板,中证红利质量,美容护理,个护用品,生活用纸,23.96,0.61,2,2.55,13.96,0.9,3,6.45,18.5,0.75,2,4.05,18.81,4.35,20.05,-,-,19.73,0.37,1.88,25.76,0.24,0.93,30.96,-,-,34.85,14.93,45.47,37.68
2850,科达利,深市主板,红利增长,电力设备,电池,锂电池,132.86,2.0,1,1.51,86.26,1.5,1,1.74,116.25,0.3,1,0.26,111.79,1.17,120.43,-,-,117.26,2.0,1.71,131.52,-,-,161.75,-,-,195.7,90.93,47.3,31.56
408,藏格矿业,深市主板,中证红利,有色金属,能源金属,锂,46.65,1.0,1,2.14,26.81,1.06,2,3.95,24.26,1.76,2,7.26,32.58,4.45,32.88,-,-,37.17,-,-,49.8,1.0,2.01,64.61,-,-,85.33,27.17,82.9,41.76
601019,山东出版,沪市主板,中证红利,传媒,出版,教育出版,9.34,0.37,2,3.96,11.19,0.56,1,5.0,8.71,0.39,1,4.48,9.75,4.48,10.38,-,-,9.89,0.31,3.13,8.84,-,-,8.36,0.06,0.72,11.7,7.6,25.23,18.65
603833,欧派家居,沪市主板,红利质量,轻工制造,家居用品,定制家居,58.63,2.48,1,4.23,60.97,2.76,1,4.53,103.59,1.77,1,1.71,74.39,3.49,64.28,-,-,62.41,-,-,55.48,2.48,4.47,52.94,-,-,70.5,50.53,20.25,13.81
600901,江苏金租,沪市主板,中证红利,非银金融,多元金融,租赁,5.69,0.4,2,7.03,5.02,0.32,1,6.38,5.35,0.35,1,6.54,5.35,6.65,5.09,-,-,5.65,0.27,4.78,5.84,-,-,6.14,0.13,2.12,6.56,4.87,15.28,14.42
603380,易德龙,沪市主板,"中证红利质量, 红利质量",电子,消费电子,消费电子零部件及组装,31.39,1.0,1,3.19,20.67,0.26,1,1.26,24.75,0.14,1,0.57,25.6,1.67,25.29,-,-,23.27,1.0,4.3,37.49,-,-,38.61,-,-,51.92,19.24,65.39,38.71
2895,川恒股份,深市主板,中证红利质量,基础化工,农化制品,磷肥及磷化工,26.56,1.5,2,5.65,19.12,1.0,1,5.23,21.75,0.7,1,3.22,22.48,4.7,22.32,-,-,23.69,1.2,5.07,25.58,0.3,1.17,34.53,-,-,38.94,20.79,46.61,21.73
2192,融捷股份,深市主板,红利质量,有色金属,能源金属,锂,36.13,0.17,1,0.46,36.55,0.3,1,0.82,70.72,0.98,1,1.39,47.8,0.89,31.67,-,-,28.46,-,-,35.22,0.17,0.47,49.03,-,-,65.51,26.68,81.33,26.15
601838,成都银行,沪市主板,中证红利,银行,城商行Ⅱ,城商行Ⅲ,17.8,0.89,1,5.0,14.51,0.9,1,6.18,13.22,0.77,1,5.81,15.18,5.66,16.72,-,-,18.46,-,-,18.78,0.89,4.74,17.09,-,-,20.88,15.83,17.29,11.08
603129,春风动力,沪市主板,红利质量,汽车,摩托车及其他,摩托车,221.56,3.85,1,1.74,136.07,2.08,1,1.53,131.41,1.41,1,1.07,163.01,1.45,184.94,-,-,181.61,3.85,2.12,253.01,-,-,261.72,-,-,297.21,139.46,34.14,37.06
601825,沪农商行,沪市主板,中证红利,银行,农商行Ⅱ,农商行Ⅲ,8.84,0.43,2,4.91,7.09,0.62,2,8.72,5.85,0.34,1,5.85,7.26,6.49,8.12,-,-,9.08,0.19,2.13,9.12,0.24,2.64,8.99,-,-,10.37,7.92,17.26,10.44
605028,世茂能源,沪市主板,中证红利质量,公用事业,电力,热力服务,21.24,1.1,3,5.18,15.43,0.6,1,3.89,18.79,0.3,1,1.6,18.49,3.55,16.98,0.6,3.53,17.12,0.2,1.17,22.73,-,-,27.76,0.3,1.08,32.98,15.17,55.3,28.57
603565,中谷物流,沪市主板,"中证红利, 中证红利质量",交通运输,航运港口,航运,10.11,1.22,2,12.07,8.63,0.72,1,8.34,12.22,0.22,1,1.8,10.32,7.41,9.12,-,-,9.99,0.79,7.91,10.54,0.43,4.08,10.69,-,-,11.56,8.69,14.39,14.01
600938,中国海油,沪市主板,"中证红利, 中证红利质量, 红利质量",石油石化,油气开采Ⅱ,油气开采Ⅲ,26.61,1.27,2,4.78,27.85,1.28,2,4.58,18.49,1.22,2,6.59,24.32,5.32,26.81,-,-,25.61,-,-,26.06,0.61,2.32,28.04,0.67,2.38,30.18,23.23,13.4,12.71
603967,中创物流,沪市主板,中证红利,交通运输,物流,跨境物流,11.45,0.6,1,5.24,9.34,0.5,1,5.35,9.75,0.45,1,4.61,10.18,5.07,10.07,-,-,11.91,0.6,5.04,11.55,-,-,12.19,-,-,14.0,9.33,22.3,18.5
603317,天味食品,沪市主板,中证红利质量,食品饮料,调味发酵品Ⅱ,调味发酵品Ⅲ,12.36,0.55,1,4.45,12.4,0.4,1,3.23,17.64,0.32,1,1.81,14.13,3.16,13.25,-,-,12.26,0.55,4.49,11.64,-,-,12.4,-,-,14.63,10.66,18.37,13.75
603529,爱玛科技,沪市主板,红利质量,汽车,摩托车及其他,其他运输设备,36.92,1.22,2,3.3,32.09,0.87,2,2.7,41.38,1.65,2,3.99,36.8,3.33,41.53,-,-,39.38,0.59,1.5,35.71,0.63,1.76,31.41,-,-,46.97,29.5,27.22,20.1
601658,邮储银行,沪市主板,中证红利,银行,国有大型银行Ⅱ,国有大型银行Ⅲ,5.58,0.26,2,4.69,4.98,0.26,1,5.25,4.86,0.26,1,5.31,5.14,5.08,5.33,0.15,2.77,5.32,0.11,2.14,5.93,-,-,5.68,-,-,6.39,5.07,14.59,9.08
605499,东鹏饮料,沪市主板,红利质量,食品饮料,饮料乳品,软饮料,275.85,5.0,2,1.81,212.27,5.0,2,2.36,183.74,2.0,1,1.09,223.95,1.75,234.9,-,-,293.0,2.5,0.85,296.76,2.5,0.84,274.6,-,-,336.5,209.99,21.99,23.88
601077,渝农商行,沪市主板,中证红利,银行,农商行Ⅱ,农商行Ⅲ,6.6,0.3,2,4.62,5.02,0.29,1,5.74,3.86,0.27,1,7.03,5.16,5.8,5.85,0.19,3.33,7.0,0.11,1.57,6.76,-,-,6.72,-,-,7.74,5.54,17.35,16.01
605118,力鼎光电,沪市主板,中证红利质量,计算机,计算机设备,安防设备,24.91,0.61,2,2.45,16.43,0.34,2,2.07,15.38,0.12,1,0.78,18.91,1.77,19.79,-,-,20.2,0.31,1.53,30.54,0.3,0.98,28.29,-,-,35.19,15.55,41.27,37.57
603706,东方环宇,沪市主板,中证红利,公用事业,燃气Ⅱ,燃气Ⅲ,19.82,0.9,1,4.54,15.58,0.9,1,5.78,15.37,0.7,1,4.55,16.92,4.96,18.08,-,-,19.1,0.9,4.71,21.05,-,-,20.82,-,-,24.52,16.79,23.74,15.27
603893,瑞芯微,沪市主板,红利质量,电子,半导体,数字芯片设计,169.39,0.9,2,0.53,63.76,0.2,1,0.31,74.43,0.25,1,0.34,102.53,0.39,157.4,0.25,0.16,153.29,-,-,183.68,0.65,0.35,181.18,-,-,246.3,98.07,45.4,42.11
2959,小熊电器,深市主板,红利质量,家用电器,小家电,厨房小家电,46.56,1.0,1,2.15,49.47,1.2,1,2.43,67.54,0.8,1,1.18,54.52,1.92,43.45,-,-,46.47,1.0,2.15,50.35,-,-,45.44,-,-,55.75,38.91,19.74,16.43
603379,三美股份,沪市主板,红利质量,基础化工,化学制品,氟化工,48.94,0.77,2,1.57,36.32,0.23,1,0.63,29.09,0.24,1,0.82,38.12,1.01,40.92,-,-,45.23,0.45,0.99,52.75,-,-,56.08,0.32,0.57,62.18,37.17,27.05,24.05
603486,科沃斯,沪市主板,红利质量,家用电器,小家电,清洁小家电,69.73,0.45,1,0.65,43.69,0.3,1,0.69,67.16,0.9,1,1.34,60.19,0.89,54.09,-,-,53.13,0.45,0.85,85.02,-,-,84.35,-,-,107.5,42.71,54.17,38.75
601187,厦门银行,沪市主板,中证红利,银行,城商行Ⅱ,城商行Ⅲ,6.49,0.3,2,4.62,5.31,0.46,2,8.66,5.45,0.29,1,5.32,5.75,6.2,5.54,-,-,6.2,0.16,2.58,6.9,-,-,7.22,0.14,1.94,7.92,5.2,22.08,19.84
603195,公牛集团,沪市主板,中证红利质量,轻工制造,家居用品,其他家居用品,56.68,2.4,1,4.23,86.47,3.1,1,3.59,123.02,3.3,1,2.68,88.72,3.5,72.56,-,-,65.59,2.4,3.66,47.07,-,-,43.26,-,-,77.24,40.83,36.27,27.97
601963,重庆银行,沪市主板,中证红利,银行,城商行Ⅱ,城商行Ⅲ,10.18,0.41,2,4.07,7.74,0.41,1,5.27,7.67,0.4,1,5.15,8.53,4.83,8.96,0.17,1.85,10.76,0.25,2.3,10.1,-,-,10.84,-,-,11.69,8.57,14.84,15.81
